﻿<project version="2.9" name="ContactManager" ID="A1B39976-7F0E-41D5-B00B-E6E78C8F901D">
  <params>
    <pageParam version="5.3" minAllowVersion="5.3"/>
    <projectParam version="2.9" minAllowVersion="2.9" platform="MtDesktop" pageSize="(800,600)" backgroundColor="4294967295" fontSize="0" fontFamily="" projectType="ptPersonalProject" isShowTitleIndex="False"/>
    <previewParam version="1.0"/>
    <colorParam version="1.0"/>
  </params>
  <pages>
    <page name="Home" ID="ABEF8320-1352-4079-969A-77E08AF83550" expanded="True" code="dfnRNcWCT4" thumbCode="XCeKnQ3bvF" status="psWhite" isfolder="False" isshownode="True"/>
    <page name="Kunden" ID="0257F86D-2949-4416-9257-8112E2188BED" expanded="True" code="F3r3zz9Foj" thumbCode="VfIhv9XhQC" isLastOpen="True" status="psWhite" isfolder="False" isshownode="True"/>
    <page name="Mitarbeiter" ID="8EADE859-184B-4FEE-864A-9BB16A45A2C0" expanded="True" code="t2MYcrJ262" thumbCode="t2MYcrJ262" status="psWhite" isfolder="False" isshownode="True"/>
    <page name="EditDataKunde" ID="DAEDF10D-1996-4028-B4FF-BFF235A56FA6" expanded="False" code="6VZR8wztwk" thumbCode="nNMqiR8w4Y" status="psWhite" isfolder="False" isshownode="True"/>
    <page name="EditDataMA" ID="0A1D2CF4-9D07-48B6-B73D-6DD1F5601935" expanded="True" code="7xEU7yfISm" thumbCode="ovMYo7k3mZ" status="psWhite" isfolder="False" isshownode="True"/>
  </pages>
  <trash>
    <page name="Search" ID="D8171A94-DD42-4700-879C-C4A1CDA055C6" expanded="False" code="UTGhTWDj3l" thumbCode="tNTUpnHNnx" isLastOpen="True" status="psWhite" isfolder="False" isshownode="True"/>
  </trash>
  <deletes/>
  <masters/>
  <images/>
</project>