﻿<mockup version="5.3" minAllowVersion="5.3" ID="0257F86D-2949-4416-9257-8112E2188BED" platform="MtDesktop" defaultW="800" defaultH="600" measureW="800" measureH="600" mobileScreenScale="0">
  <controls controlCount="15">
    <control controlID="FF3F3DFE-6226-4A8C-88B1-4482C825998F" controlTypeID="Line" x="2" y="47" w="798" h="1" zOrder="0">
      <font family="Segoe+UI" displayName="Segoe+UI" postScript="" weightStyle="Regular" weight="400" isBold="False" isItalic="False"/>
      <lineSpacing>0</lineSpacing>
      <selectedIndex>-1</selectedIndex>
      <controlPoint>(399,0)</controlPoint>
      <startPoint>(0,0)</startPoint>
      <endPoint>(798,0)</endPoint>
    </control>
    <control controlID="08D50E8B-1837-4122-A929-C009F85FBCA6" controlTypeID="Button" x="10" y="8" w="70" h="28" zOrder="1">
      <links eventType="AtClick" animate="AmNone" animateAutoDelay="0" animateDuration="500">
        <link targetPageID="ABEF8320-1352-4079-969A-77E08AF83550" linkType="ltPageLink" isApplyIncludePage="False" title="Home">
          <area shape="0" alt="" ID="{2E32398E-5982-424F-A9AB-6070CCFAA417}" coords="(0,0,70,28)"/>
        </link>
      </links>
      <font family="Segoe+UI" displayName="Segoe+UI" postScript="" weightStyle="Regular" weight="400" isBold="False" isItalic="False"/>
      <text>Home</text>
      <textSize>12</textSize>
      <lineSpacing>0</lineSpacing>
      <selectedIndex>-1</selectedIndex>
      <radius>4</radius>
    </control>
    <control controlID="A302AC47-C579-4F8A-A111-A6AECBE06EC8" controlTypeID="Button" x="100" y="8" w="70" h="28" zOrder="2">
      <links eventType="AtClick" animate="AmNone" animateAutoDelay="0" animateDuration="500">
        <link targetPageID="DAEDF10D-1996-4028-B4FF-BFF235A56FA6" linkType="ltPageLink" isApplyIncludePage="False" title="EditDataKunde">
          <area shape="0" alt="" ID="{825D6E8D-119B-4A47-98C1-BB7A1BBE1C47}" coords="(0,0,70,28)"/>
        </link>
      </links>
      <font family="Segoe+UI" displayName="Segoe+UI" postScript="" weightStyle="Regular" weight="400" isBold="False" isItalic="False"/>
      <text>Neu</text>
      <textSize>12</textSize>
      <lineSpacing>0</lineSpacing>
      <selectedIndex>-1</selectedIndex>
      <radius>4</radius>
    </control>
    <control controlID="0046011F-6567-40B8-B8F0-62FD5771F748" controlTypeID="Button" x="191" y="8" w="70" h="28" zOrder="3">
      <links eventType="AtClick" animate="AmNone" animateAutoDelay="0" animateDuration="500">
        <link targetPageID="DAEDF10D-1996-4028-B4FF-BFF235A56FA6" linkType="ltPageLink" isApplyIncludePage="False" title="EditDataKunde">
          <area shape="0" alt="" ID="{0578C89A-B89D-4318-97D1-F20D48441FFD}" coords="(0,0,70,28)"/>
        </link>
      </links>
      <font family="Segoe+UI" displayName="Segoe+UI" postScript="" weightStyle="Regular" weight="400" isBold="False" isItalic="False"/>
      <text>Bearbeiten</text>
      <textSize>12</textSize>
      <lineSpacing>0</lineSpacing>
      <selectedIndex>-1</selectedIndex>
      <radius>4</radius>
    </control>
    <control controlID="81141912-62A2-4080-8CC7-FEF3A1CDF645" controlTypeID="Button" x="718" y="10" w="70" h="28" zOrder="4">
      <interactiveData>
        <entry title="">
          <area shape="0" alt="" ID="{BB89C251-AB5A-4AEB-91EE-18459C398B4C}" coords="(0,0,70,28)"/>
          <events title="">
            <event eventType="atClick" isChecked="True">
              <behaviour title="" isChecked="True" isWait="False" isLoop="False" execMode="emParallel">
                <target targetID="EF7A394D-D9D3-4089-A36A-B7595CC5E929" isChecked="True" isAutoRecovery="False" isLoop="False" execMode="emSequence">
                  <command name="Popup State Change" isChecked="True" descrition="">
                    <param name="AniInterpolation" value="0" varType="3" description=""/>
                    <param name="AniDuration" value="200" varType="3" description=""/>
                    <param name="AniAutoReverse" value="False" varType="11" description=""/>
                    <param name="AniLoop" value="False" varType="11" description=""/>
                    <param name="AniInterpolationTypeOut" value="False" varType="11" description=""/>
                    <param name="Delay" value="0" varType="3" description=""/>
                    <param name="Value" value="2" varType="3" description=""/>
                    <param name="AniType" value="0" varType="3" description=""/>
                  </command>
                </target>
              </behaviour>
            </event>
          </events>
        </entry>
      </interactiveData>
      <font family="Segoe+UI" displayName="Segoe+UI" postScript="" weightStyle="Regular" weight="400" isBold="False" isItalic="False"/>
      <text>Suche</text>
      <textSize>12</textSize>
      <lineSpacing>0</lineSpacing>
      <selectedIndex>-1</selectedIndex>
      <radius>4</radius>
    </control>
    <control controlID="A1F43562-0A2C-4D00-A378-B2ED7FF21916" controlTypeID="Table" x="20" y="67" w="360" h="90" zOrder="5">
      <font family="Segoe+UI" displayName="Segoe+UI" postScript="" weightStyle="Regular" weight="400" isBold="False" isItalic="False"/>
      <text>Anrede%09Herr%09Vorname%09Max%09Nachname%09Muster</text>
      <textAlign>HaCenter</textAlign>
      <lineSpacing>0</lineSpacing>
      <thickness>1</thickness>
      <dashMode>SdSolid</dashMode>
      <tableStyle>tsNone</tableStyle>
      <fontFamily/>
      <fontWeight/>
      <textStyles>[]</textStyles>
      <cells>
        <cell rows="0,0" cols="0,0">
          <fontFamily>Segoe+UI</fontFamily>
          <fontWeight>Regular</fontWeight>
          <textStyles>[]</textStyles>
          <text>Anrede</text>
          <textHeight>28</textHeight>
          <font family="Segoe+UI" displayName="Segoe+UI" postScript="" weightStyle="Regular" weight="400" isBold="False" isItalic="False"/>
        </cell>
        <cell rows="0,0" cols="1,1">
          <fontFamily>Segoe+UI</fontFamily>
          <fontWeight>Regular</fontWeight>
          <textStyles>[]</textStyles>
          <text>Herr</text>
          <textHeight>28</textHeight>
          <font family="Segoe+UI" displayName="Segoe+UI" postScript="" weightStyle="Regular" weight="400" isBold="False" isItalic="False"/>
        </cell>
        <cell rows="1,1" cols="0,0">
          <fontFamily>Segoe+UI</fontFamily>
          <fontWeight>Regular</fontWeight>
          <textStyles>[]</textStyles>
          <text>Vorname</text>
          <textHeight>28</textHeight>
          <font family="Segoe+UI" displayName="Segoe+UI" postScript="" weightStyle="Regular" weight="400" isBold="False" isItalic="False"/>
        </cell>
        <cell rows="1,1" cols="1,1">
          <fontFamily>Segoe+UI</fontFamily>
          <fontWeight>Regular</fontWeight>
          <textStyles>[]</textStyles>
          <text>Max</text>
          <textHeight>28</textHeight>
          <font family="Segoe+UI" displayName="Segoe+UI" postScript="" weightStyle="Regular" weight="400" isBold="False" isItalic="False"/>
        </cell>
        <cell rows="2,2" cols="0,0">
          <fontFamily>Segoe+UI</fontFamily>
          <fontWeight>Regular</fontWeight>
          <textStyles>[]</textStyles>
          <text>Nachname</text>
          <textHeight>28</textHeight>
          <font family="Segoe+UI" displayName="Segoe+UI" postScript="" weightStyle="Regular" weight="400" isBold="False" isItalic="False"/>
        </cell>
        <cell rows="2,2" cols="1,1">
          <fontFamily>Segoe+UI</fontFamily>
          <fontWeight>Regular</fontWeight>
          <textStyles>[]</textStyles>
          <text>Muster</text>
          <textHeight>28</textHeight>
          <font family="Segoe+UI" displayName="Segoe+UI" postScript="" weightStyle="Regular" weight="400" isBold="False" isItalic="False"/>
        </cell>
      </cells>
      <rows>
        <row height="30">
          <fontFamily/>
          <fontWeight/>
          <textStyles>[]</textStyles>
          <isAutoRowHeight>True</isAutoRowHeight>
        </row>
        <row height="30">
          <fontFamily/>
          <fontWeight/>
          <textStyles>[]</textStyles>
          <isAutoRowHeight>True</isAutoRowHeight>
        </row>
        <row height="30">
          <fontFamily/>
          <fontWeight/>
          <textStyles>[]</textStyles>
          <isAutoRowHeight>True</isAutoRowHeight>
        </row>
      </rows>
      <cols>
        <col width="180">
          <fontFamily/>
          <fontWeight/>
          <textStyles>[]</textStyles>
        </col>
        <col width="180">
          <fontFamily/>
          <fontWeight/>
          <textStyles>[]</textStyles>
        </col>
      </cols>
    </control>
    <control controlID="EF7A394D-D9D3-4089-A36A-B7595CC5E929" controlTypeID="PopupPanel" x="852" y="47" w="46" h="46" zOrder="6">
      <groupChildrenDescriptors>
        <control controlID="9111AF37-2906-4535-AC61-3AF376CF5C39" controlTypeID="Panel" x="0" y="0" w="800" h="600" zOrder="0">
          <locked>True</locked>
          <color>1879048192</color>
          <borderVisible>False</borderVisible>
          <canMove>False</canMove>
          <alias>background</alias>
          <groupChildrenDescriptors>
            <control controlID="2B4F342A-50FD-4019-9F30-0A302256DDEA" controlTypeID="Border" x="0" y="0" w="800" h="600" zOrder="0">
              <borderVisible>False</borderVisible>
              <alias>borderLayer</alias>
            </control>
          </groupChildrenDescriptors>
          <thinkness>1</thinkness>
        </control>
        <control controlID="B0EB4A1D-2A40-4CF9-97D3-A4405D8A014F" controlTypeID="PopupPanelContent" x="10" y="58" w="781" h="532" zOrder="1">
          <color>16777215</color>
          <alias>content</alias>
          <groupChildrenDescriptors>
            <control controlID="8159B2FA-E690-4089-93B5-76A09E310EA4" controlTypeID="Shape" x="0" y="0" w="781" h="532" zOrder="0">
              <font family="Segoe+UI" displayName="Segoe+UI" postScript="" weightStyle="Regular" weight="400" isBold="False" isItalic="False"/>
            </control>
            <control controlID="7A69E1BB-732D-4713-B7E1-301B114F8900" controlTypeID="Line" x="0" y="36" w="779" h="1" zOrder="1">
              <font family="Segoe+UI" displayName="Segoe+UI" postScript="" weightStyle="Regular" weight="400" isBold="False" isItalic="False"/>
              <lineSpacing>0</lineSpacing>
              <controlPoint>(390,0)</controlPoint>
              <startPoint>(0,0)</startPoint>
              <endPoint>(779,0)</endPoint>
            </control>
            <control controlID="C9CC0292-36A6-4325-B314-D8EAB2AFBD12" controlTypeID="Button" x="10" y="4" w="70" h="28" zOrder="2">
              <interactiveData>
                <entry title="">
                  <area shape="0" alt="" ID="{C2751B97-B9BB-4F21-893F-873C3F6BD6CD}" coords="(0,0,70,28)"/>
                  <events title="">
                    <event eventType="atClick" isChecked="True">
                      <behaviour title="" isChecked="True" isWait="False" isLoop="False" execMode="emParallel">
                        <target targetID="EF7A394D-D9D3-4089-A36A-B7595CC5E929" isChecked="True" isAutoRecovery="False" isLoop="False" execMode="emSequence">
                          <command name="Popup State Change" isChecked="True" descrition="">
                            <param name="AniInterpolation" value="0" varType="3" description=""/>
                            <param name="AniDuration" value="200" varType="3" description=""/>
                            <param name="AniAutoReverse" value="False" varType="11" description=""/>
                            <param name="AniLoop" value="False" varType="11" description=""/>
                            <param name="AniInterpolationTypeOut" value="False" varType="11" description=""/>
                            <param name="Delay" value="0" varType="3" description=""/>
                            <param name="Value" value="2" varType="3" description=""/>
                            <param name="AniType" value="0" varType="3" description=""/>
                          </command>
                        </target>
                      </behaviour>
                    </event>
                  </events>
                </entry>
              </interactiveData>
              <font family="Segoe+UI" displayName="Segoe+UI" postScript="" weightStyle="Regular" weight="400" isBold="False" isItalic="False"/>
              <text>schliessen</text>
              <textSize>12</textSize>
              <lineSpacing>0</lineSpacing>
              <radius>4</radius>
            </control>
            <control controlID="B72B59B2-82DE-4A1F-B6F9-79C94A0C68C6" controlTypeID="Table" x="10" y="47" w="760" h="92" zOrder="3">
              <font family="Segoe+UI" displayName="Segoe+UI" postScript="" weightStyle="Regular" weight="400" isBold="False" isItalic="False"/>
              <text>search...%09search...%09search...%09search...%09search...%09search...%09search...%09Anrede%09Vorname%09Nachname%09Geburtsdatum%09Geschlecht%09Titel%09Telefonnummer%09%09%09%09%09%09%09</text>
              <textAlign>HaCenter</textAlign>
              <lineSpacing>0</lineSpacing>
              <thickness>1</thickness>
              <dashMode>SdSolid</dashMode>
              <tableStyle>tsNone</tableStyle>
              <fontFamily/>
              <fontWeight/>
              <textStyles>[]</textStyles>
              <cells>
                <cell rows="0,0" cols="0,0">
                  <fontFamily>Segoe+UI</fontFamily>
                  <fontWeight>Regular</fontWeight>
                  <textStyles>[]</textStyles>
                  <text>search...</text>
                  <textHeight>28</textHeight>
                  <font family="Segoe+UI" displayName="Segoe+UI" postScript="" weightStyle="Regular" weight="400" isBold="False" isItalic="False"/>
                </cell>
                <cell rows="0,0" cols="1,1">
                  <fontFamily>Segoe+UI</fontFamily>
                  <fontWeight>Regular</fontWeight>
                  <textStyles>[]</textStyles>
                  <text>search...</text>
                  <textHeight>28</textHeight>
                  <font family="Segoe+UI" displayName="Segoe+UI" postScript="" weightStyle="Regular" weight="400" isBold="False" isItalic="False"/>
                </cell>
                <cell rows="0,0" cols="2,2">
                  <fontFamily>Segoe+UI</fontFamily>
                  <fontWeight>Regular</fontWeight>
                  <textStyles>[]</textStyles>
                  <text>search...</text>
                  <textHeight>28</textHeight>
                  <font family="Segoe+UI" displayName="Segoe+UI" postScript="" weightStyle="Regular" weight="400" isBold="False" isItalic="False"/>
                </cell>
                <cell rows="0,0" cols="3,3">
                  <fontFamily>Segoe+UI</fontFamily>
                  <fontWeight>Regular</fontWeight>
                  <textStyles>[]</textStyles>
                  <text>search...</text>
                  <textHeight>28</textHeight>
                  <font family="Segoe+UI" displayName="Segoe+UI" postScript="" weightStyle="Regular" weight="400" isBold="False" isItalic="False"/>
                </cell>
                <cell rows="0,0" cols="4,4">
                  <fontFamily>Segoe+UI</fontFamily>
                  <fontWeight>Regular</fontWeight>
                  <textStyles>[]</textStyles>
                  <text>search...</text>
                  <textHeight>28</textHeight>
                  <font family="Segoe+UI" displayName="Segoe+UI" postScript="" weightStyle="Regular" weight="400" isBold="False" isItalic="False"/>
                </cell>
                <cell rows="0,0" cols="5,5">
                  <fontFamily>Segoe+UI</fontFamily>
                  <fontWeight>Regular</fontWeight>
                  <textStyles>[]</textStyles>
                  <text>search...</text>
                  <textHeight>28</textHeight>
                  <font family="Segoe+UI" displayName="Segoe+UI" postScript="" weightStyle="Regular" weight="400" isBold="False" isItalic="False"/>
                </cell>
                <cell rows="0,0" cols="6,6">
                  <fontFamily>Segoe+UI</fontFamily>
                  <fontWeight>Regular</fontWeight>
                  <textStyles>[]</textStyles>
                  <text>search...</text>
                  <textHeight>28</textHeight>
                  <font family="Segoe+UI" displayName="Segoe+UI" postScript="" weightStyle="Regular" weight="400" isBold="False" isItalic="False"/>
                </cell>
                <cell rows="1,1" cols="0,0">
                  <fontFamily>Segoe+UI</fontFamily>
                  <fontWeight>Regular</fontWeight>
                  <textStyles>[]</textStyles>
                  <text>Anrede</text>
                  <textHeight>28</textHeight>
                  <font family="Segoe+UI" displayName="Segoe+UI" postScript="" weightStyle="Regular" weight="400" isBold="False" isItalic="False"/>
                </cell>
                <cell rows="1,1" cols="1,1">
                  <fontFamily>Segoe+UI</fontFamily>
                  <fontWeight>Regular</fontWeight>
                  <textStyles>[]</textStyles>
                  <text>Vorname</text>
                  <textHeight>28</textHeight>
                  <font family="Segoe+UI" displayName="Segoe+UI" postScript="" weightStyle="Regular" weight="400" isBold="False" isItalic="False"/>
                </cell>
                <cell rows="1,1" cols="2,2">
                  <fontFamily>Segoe+UI</fontFamily>
                  <fontWeight>Regular</fontWeight>
                  <textStyles>[]</textStyles>
                  <text>Nachname</text>
                  <textHeight>28</textHeight>
                  <font family="Segoe+UI" displayName="Segoe+UI" postScript="" weightStyle="Regular" weight="400" isBold="False" isItalic="False"/>
                </cell>
                <cell rows="1,1" cols="3,3">
                  <fontFamily>Segoe+UI</fontFamily>
                  <fontWeight>Regular</fontWeight>
                  <textStyles>[]</textStyles>
                  <text>Geburtsdatum</text>
                  <textHeight>28</textHeight>
                  <font family="Segoe+UI" displayName="Segoe+UI" postScript="" weightStyle="Regular" weight="400" isBold="False" isItalic="False"/>
                </cell>
                <cell rows="1,1" cols="4,4">
                  <fontFamily>Segoe+UI</fontFamily>
                  <fontWeight>Regular</fontWeight>
                  <textStyles>[]</textStyles>
                  <text>Geschlecht</text>
                  <textHeight>28</textHeight>
                  <font family="Segoe+UI" displayName="Segoe+UI" postScript="" weightStyle="Regular" weight="400" isBold="False" isItalic="False"/>
                </cell>
                <cell rows="1,1" cols="5,5">
                  <fontFamily>Segoe+UI</fontFamily>
                  <fontWeight>Regular</fontWeight>
                  <textStyles>[]</textStyles>
                  <text>Titel</text>
                  <textHeight>28</textHeight>
                  <font family="Segoe+UI" displayName="Segoe+UI" postScript="" weightStyle="Regular" weight="400" isBold="False" isItalic="False"/>
                </cell>
                <cell rows="1,1" cols="6,6">
                  <fontFamily>Segoe+UI</fontFamily>
                  <fontWeight>Regular</fontWeight>
                  <textStyles>[]</textStyles>
                  <text>Telefonnummer</text>
                  <textHeight>28</textHeight>
                  <font family="Segoe+UI" displayName="Segoe+UI" postScript="" weightStyle="Regular" weight="400" isBold="False" isItalic="False"/>
                </cell>
                <cell rows="2,2" cols="0,0">
                  <fontFamily>Segoe+UI</fontFamily>
                  <fontWeight>Regular</fontWeight>
                  <textStyles>[]</textStyles>
                  <font family="Segoe+UI" displayName="Segoe+UI" postScript="" weightStyle="Regular" weight="400" isBold="False" isItalic="False"/>
                </cell>
                <cell rows="2,2" cols="1,1">
                  <fontFamily>Segoe+UI</fontFamily>
                  <fontWeight>Regular</fontWeight>
                  <textStyles>[]</textStyles>
                  <font family="Segoe+UI" displayName="Segoe+UI" postScript="" weightStyle="Regular" weight="400" isBold="False" isItalic="False"/>
                </cell>
                <cell rows="2,2" cols="2,2">
                  <fontFamily>Segoe+UI</fontFamily>
                  <fontWeight>Regular</fontWeight>
                  <textStyles>[]</textStyles>
                  <font family="Segoe+UI" displayName="Segoe+UI" postScript="" weightStyle="Regular" weight="400" isBold="False" isItalic="False"/>
                </cell>
                <cell rows="2,2" cols="3,3">
                  <fontFamily>Segoe+UI</fontFamily>
                  <fontWeight>Regular</fontWeight>
                  <textStyles>[]</textStyles>
                  <font family="Segoe+UI" displayName="Segoe+UI" postScript="" weightStyle="Regular" weight="400" isBold="False" isItalic="False"/>
                </cell>
                <cell rows="2,2" cols="4,4">
                  <fontFamily>Segoe+UI</fontFamily>
                  <fontWeight>Regular</fontWeight>
                  <textStyles>[]</textStyles>
                  <font family="Segoe+UI" displayName="Segoe+UI" postScript="" weightStyle="Regular" weight="400" isBold="False" isItalic="False"/>
                </cell>
                <cell rows="2,2" cols="5,5">
                  <fontFamily>Segoe+UI</fontFamily>
                  <fontWeight>Regular</fontWeight>
                  <textStyles>[]</textStyles>
                  <font family="Segoe+UI" displayName="Segoe+UI" postScript="" weightStyle="Regular" weight="400" isBold="False" isItalic="False"/>
                </cell>
                <cell rows="2,2" cols="6,6">
                  <fontFamily>Segoe+UI</fontFamily>
                  <fontWeight>Regular</fontWeight>
                  <textStyles>[]</textStyles>
                  <font family="Segoe+UI" displayName="Segoe+UI" postScript="" weightStyle="Regular" weight="400" isBold="False" isItalic="False"/>
                </cell>
              </cells>
              <rows>
                <row height="30">
                  <fontFamily/>
                  <fontWeight/>
                  <textStyles>[]</textStyles>
                  <isAutoRowHeight>True</isAutoRowHeight>
                </row>
                <row height="30">
                  <fontFamily/>
                  <fontWeight/>
                  <textStyles>[]</textStyles>
                  <isAutoRowHeight>True</isAutoRowHeight>
                </row>
                <row height="32">
                  <fontFamily/>
                  <fontWeight/>
                  <textStyles>[]</textStyles>
                  <isAutoRowHeight>False</isAutoRowHeight>
                </row>
              </rows>
              <cols>
                <col width="108">
                  <fontFamily/>
                  <fontWeight/>
                  <textStyles>[]</textStyles>
                </col>
                <col width="108">
                  <fontFamily/>
                  <fontWeight/>
                  <textStyles>[]</textStyles>
                </col>
                <col width="109">
                  <fontFamily/>
                  <fontWeight/>
                  <textStyles>[]</textStyles>
                </col>
                <col width="108">
                  <fontFamily/>
                  <fontWeight/>
                  <textStyles>[]</textStyles>
                </col>
                <col width="109">
                  <fontFamily/>
                  <fontWeight/>
                  <textStyles>[]</textStyles>
                </col>
                <col width="109">
                  <fontFamily/>
                  <fontWeight/>
                  <textStyles>[]</textStyles>
                </col>
                <col width="109">
                  <fontFamily/>
                  <fontWeight/>
                  <textStyles>[]</textStyles>
                </col>
              </cols>
            </control>
            <control controlID="696C8BBB-1210-4E48-95E4-81DEDDF7BDA9" controlTypeID="Button" x="90" y="4" w="70" h="28" zOrder="4">
              <interactiveData>
                <entry title="">
                  <area shape="0" alt="" ID="{C2751B97-B9BB-4F21-893F-873C3F6BD6CD}" coords="(0,0,70,28)"/>
                  <events title="">
                    <event eventType="atClick" isChecked="True">
                      <behaviour title="" isChecked="True" isWait="False" isLoop="False" execMode="emParallel">
                        <target targetID="EF7A394D-D9D3-4089-A36A-B7595CC5E929" isChecked="True" isAutoRecovery="False" isLoop="False" execMode="emSequence">
                          <command name="Popup State Change" isChecked="True" descrition="">
                            <param name="AniInterpolation" value="0" varType="3" description=""/>
                            <param name="AniDuration" value="200" varType="3" description=""/>
                            <param name="AniAutoReverse" value="False" varType="11" description=""/>
                            <param name="AniLoop" value="False" varType="11" description=""/>
                            <param name="AniInterpolationTypeOut" value="False" varType="11" description=""/>
                            <param name="Delay" value="0" varType="3" description=""/>
                            <param name="Value" value="2" varType="3" description=""/>
                            <param name="AniType" value="0" varType="3" description=""/>
                          </command>
                        </target>
                      </behaviour>
                    </event>
                  </events>
                </entry>
              </interactiveData>
              <font family="Segoe+UI" displayName="Segoe+UI" postScript="" weightStyle="Regular" weight="400" isBold="False" isItalic="False"/>
              <text>suchen</text>
              <textSize>12</textSize>
              <lineSpacing>0</lineSpacing>
              <selectedIndex>-1</selectedIndex>
              <radius>4</radius>
            </control>
          </groupChildrenDescriptors>
        </control>
      </groupChildrenDescriptors>
    </control>
  </controls>
  <param>
    <backgroundColor>4294967295</backgroundColor>
    <fontSize>0</fontSize>
    <fontFamily/>
    <guideLines/>
  </param>
</mockup>