﻿<mockup version="5.3" minAllowVersion="5.3" ID="DAEDF10D-1996-4028-B4FF-BFF235A56FA6" platform="MtDesktop" defaultW="800" defaultH="600" measureW="800" measureH="600" mobileScreenScale="0">
  <controls controlCount="3">
    <control controlID="6DF6B9E5-3336-44C1-AABE-7B17E1FB7148" controlTypeID="Line" x="2" y="47" w="798" h="1" zOrder="0">
      <font family="Segoe+UI" displayName="Segoe+UI" postScript="" weightStyle="Regular" weight="400" isBold="False" isItalic="False"/>
      <lineSpacing>0</lineSpacing>
      <selectedIndex>-1</selectedIndex>
      <controlPoint>(399,0)</controlPoint>
      <startPoint>(0,0)</startPoint>
      <endPoint>(798,0)</endPoint>
    </control>
    <control controlID="E81596DB-E457-4D0C-BC4A-B566F626648A" controlTypeID="Button" x="10" y="8" w="70" h="28" zOrder="1">
      <links eventType="AtClick" animate="AmNone" animateAutoDelay="0" animateDuration="500">
        <link targetPageID="ABEF8320-1352-4079-969A-77E08AF83550" linkType="ltPageLink" isApplyIncludePage="False" title="Home">
          <area shape="0" alt="" ID="{2E32398E-5982-424F-A9AB-6070CCFAA417}" coords="(0,0,70,28)"/>
        </link>
      </links>
      <font family="Segoe+UI" displayName="Segoe+UI" postScript="" weightStyle="Regular" weight="400" isBold="False" isItalic="False"/>
      <text>Speichern</text>
      <textSize>12</textSize>
      <lineSpacing>0</lineSpacing>
      <selectedIndex>-1</selectedIndex>
      <radius>4</radius>
    </control>
    <control controlID="BFB4768C-5298-4E35-9B7E-40DE95BA8A90" controlTypeID="Button" x="100" y="8" w="70" h="28" zOrder="2">
      <links eventType="AtClick" animate="AmNone" animateAutoDelay="0" animateDuration="500">
        <link targetPageID="0A1D2CF4-9D07-48B6-B73D-6DD1F5601935" linkType="ltPageLink" isApplyIncludePage="False" title="EditData">
          <area shape="0" alt="" ID="{C058C06D-02DC-4AC3-86FD-C19C3A2143E3}" coords="(0,0,70,28)"/>
        </link>
      </links>
      <font family="Segoe+UI" displayName="Segoe+UI" postScript="" weightStyle="Regular" weight="400" isBold="False" isItalic="False"/>
      <text>Abbrechen</text>
      <textSize>12</textSize>
      <lineSpacing>0</lineSpacing>
      <selectedIndex>-1</selectedIndex>
      <radius>4</radius>
    </control>
  </controls>
  <param>
    <backgroundColor>4294967295</backgroundColor>
    <fontSize>0</fontSize>
    <fontFamily/>
    <guideLines/>
  </param>
</mockup>