﻿<mockup version="5.3" minAllowVersion="5.3" ID="8EADE859-184B-4FEE-864A-9BB16A45A2C0" platform="MtDesktop" defaultW="800" defaultH="600" measureW="800" measureH="600" mobileScreenScale="0">
  <controls controlCount="9">
    <control controlID="023DCAC8-EACB-4E13-8CAC-357710CFCF2D" controlTypeID="Line" x="2" y="47" w="798" h="1" zOrder="0">
      <font family="Segoe+UI" displayName="Segoe+UI" postScript="" weightStyle="Regular" weight="400" isBold="False" isItalic="False"/>
      <lineSpacing>0</lineSpacing>
      <selectedIndex>-1</selectedIndex>
      <controlPoint>(399,0)</controlPoint>
      <startPoint>(0,0)</startPoint>
      <endPoint>(798,0)</endPoint>
    </control>
    <control controlID="EDAF9CA2-7D98-4B95-8211-FB8166AE91C8" controlTypeID="Button" x="10" y="8" w="70" h="28" zOrder="1">
      <links eventType="AtClick" animate="AmNone" animateAutoDelay="0" animateDuration="500">
        <link targetPageID="ABEF8320-1352-4079-969A-77E08AF83550" linkType="ltPageLink" isApplyIncludePage="False" title="Home">
          <area shape="0" alt="" ID="{2E32398E-5982-424F-A9AB-6070CCFAA417}" coords="(0,0,70,28)"/>
        </link>
      </links>
      <font family="Segoe+UI" displayName="Segoe+UI" postScript="" weightStyle="Regular" weight="400" isBold="False" isItalic="False"/>
      <text>Home</text>
      <textSize>12</textSize>
      <lineSpacing>0</lineSpacing>
      <selectedIndex>-1</selectedIndex>
      <radius>4</radius>
    </control>
    <control controlID="BB6944E4-E84B-449D-A560-43D97F42F92B" controlTypeID="Button" x="100" y="8" w="70" h="28" zOrder="2">
      <links eventType="AtClick" animate="AmNone" animateAutoDelay="0" animateDuration="500">
        <link targetPageID="0A1D2CF4-9D07-48B6-B73D-6DD1F5601935" linkType="ltPageLink" isApplyIncludePage="False" title="EditDataMA">
          <area shape="0" alt="" ID="{C058C06D-02DC-4AC3-86FD-C19C3A2143E3}" coords="(0,0,70,28)"/>
        </link>
      </links>
      <font family="Segoe+UI" displayName="Segoe+UI" postScript="" weightStyle="Regular" weight="400" isBold="False" isItalic="False"/>
      <text>Neu</text>
      <textSize>12</textSize>
      <lineSpacing>0</lineSpacing>
      <selectedIndex>-1</selectedIndex>
      <radius>4</radius>
    </control>
    <control controlID="A6C564E4-79F7-4BF4-B194-4482B5C0BCB9" controlTypeID="Button" x="191" y="8" w="70" h="28" zOrder="3">
      <links eventType="AtClick" animate="AmNone" animateAutoDelay="0" animateDuration="500">
        <link targetPageID="0A1D2CF4-9D07-48B6-B73D-6DD1F5601935" linkType="ltPageLink" isApplyIncludePage="False" title="EditDataMA">
          <area shape="0" alt="" ID="{C68ABBC7-128F-40EA-B320-AE3F8451213B}" coords="(0,0,70,28)"/>
        </link>
      </links>
      <font family="Segoe+UI" displayName="Segoe+UI" postScript="" weightStyle="Regular" weight="400" isBold="False" isItalic="False"/>
      <text>Bearbeiten</text>
      <textSize>12</textSize>
      <lineSpacing>0</lineSpacing>
      <selectedIndex>-1</selectedIndex>
      <radius>4</radius>
    </control>
    <control controlID="EA603D26-92B7-4AD8-B2F4-DE7A66882697" controlTypeID="Button" x="718" y="10" w="70" h="28" zOrder="4">
      <interactiveData>
        <entry title="">
          <area shape="0" alt="" ID="{BB89C251-AB5A-4AEB-91EE-18459C398B4C}" coords="(0,0,70,28)"/>
          <events title="">
            <event eventType="atClick" isChecked="True">
              <behaviour title="" isChecked="True" isWait="False" isLoop="False" execMode="emParallel">
                <target targetID="0C1578EF-9F8F-4AEF-917E-E791A2DADAB6" isChecked="True" isAutoRecovery="False" isLoop="False" execMode="emSequence">
                  <command name="Popup State Change" isChecked="True" descrition="">
                    <param name="AniInterpolation" value="0" varType="3" description=""/>
                    <param name="AniDuration" value="200" varType="3" description=""/>
                    <param name="AniAutoReverse" value="False" varType="11" description=""/>
                    <param name="AniLoop" value="False" varType="11" description=""/>
                    <param name="AniInterpolationTypeOut" value="False" varType="11" description=""/>
                    <param name="Delay" value="0" varType="3" description=""/>
                    <param name="Value" value="2" varType="3" description=""/>
                    <param name="AniType" value="0" varType="3" description=""/>
                  </command>
                </target>
              </behaviour>
            </event>
          </events>
        </entry>
      </interactiveData>
      <font family="Segoe+UI" displayName="Segoe+UI" postScript="" weightStyle="Regular" weight="400" isBold="False" isItalic="False"/>
      <text>Suche</text>
      <textSize>12</textSize>
      <lineSpacing>0</lineSpacing>
      <radius>4</radius>
    </control>
    <control controlID="0C1578EF-9F8F-4AEF-917E-E791A2DADAB6" controlTypeID="PopupPanel" x="872" y="-1" w="46" h="46" zOrder="5">
      <groupChildrenDescriptors>
        <control controlID="63D1FD62-788C-467B-9C81-D951879ED9AE" controlTypeID="Panel" x="0" y="0" w="800" h="600" zOrder="0">
          <locked>True</locked>
          <color>1879048192</color>
          <borderVisible>False</borderVisible>
          <canMove>False</canMove>
          <alias>background</alias>
          <groupChildrenDescriptors>
            <control controlID="0BB681E9-9B1D-4651-8716-CD633ABEE363" controlTypeID="Border" x="0" y="0" w="800" h="600" zOrder="0">
              <borderVisible>False</borderVisible>
              <alias>borderLayer</alias>
            </control>
          </groupChildrenDescriptors>
          <thinkness>1</thinkness>
        </control>
        <control controlID="4DC1F8CE-7088-48C2-9FF2-7E844637D24B" controlTypeID="PopupPanelContent" x="250" y="200" w="300" h="200" zOrder="1">
          <color>16777215</color>
          <alias>content</alias>
          <groupChildrenDescriptors/>
        </control>
      </groupChildrenDescriptors>
    </control>
  </controls>
  <param>
    <backgroundColor>4294967295</backgroundColor>
    <fontSize>0</fontSize>
    <fontFamily/>
    <guideLines/>
  </param>
</mockup>