﻿<mockup version="5.3" minAllowVersion="5.3" ID="ABEF8320-1352-4079-969A-77E08AF83550" platform="MtDesktop" defaultW="800" defaultH="600" measureW="800" measureH="600" mobileScreenScale="0">
  <controls controlCount="3">
    <control controlID="82BC8614-F9E3-44C2-A765-59299B06548C" controlTypeID="Button" x="29" y="100" w="115" h="56" zOrder="0">
      <links eventType="AtClick" animate="AmNone" animateAutoDelay="0" animateDuration="500">
        <link targetPageID="0257F86D-2949-4416-9257-8112E2188BED" linkType="ltPageLink" isApplyIncludePage="False" title="Kunden">
          <area shape="0" alt="" ID="{67001BD3-F71C-450D-8E9D-C927BD21FA52}" coords="(0,0,115,56)"/>
        </link>
      </links>
      <font family="Segoe+UI" displayName="Segoe+UI" postScript="" weightStyle="Regular" weight="400" isBold="False" isItalic="False"/>
      <text>Kunden</text>
      <textSize>12</textSize>
      <lineSpacing>0</lineSpacing>
      <selectedIndex>-1</selectedIndex>
      <radius>4</radius>
    </control>
    <control controlID="E3B8803D-3132-4C69-9E1D-FE6E020AE826" controlTypeID="Button" x="28" y="166" w="115" h="56" zOrder="1">
      <links eventType="AtClick" animate="AmNone" animateAutoDelay="0" animateDuration="500">
        <link targetPageID="8EADE859-184B-4FEE-864A-9BB16A45A2C0" linkType="ltPageLink" isApplyIncludePage="False" title="Mitarbeiter">
          <area shape="0" alt="" ID="{A6FF2D1F-BA92-4DA8-A1AC-00AE5A58727A}" coords="(0,0,115,56)"/>
        </link>
      </links>
      <font family="Segoe+UI" displayName="Segoe+UI" postScript="" weightStyle="Regular" weight="400" isBold="False" isItalic="False"/>
      <text>Mitarbeiter</text>
      <textSize>12</textSize>
      <lineSpacing>0</lineSpacing>
      <selectedIndex>-1</selectedIndex>
      <radius>4</radius>
    </control>
    <control controlID="9F805FCC-BFED-407B-9221-C1669A4DF131" controlTypeID="Line" x="2" y="47" w="798" h="1" zOrder="2">
      <font family="Segoe+UI" displayName="Segoe+UI" postScript="" weightStyle="Regular" weight="400" isBold="False" isItalic="False"/>
      <lineSpacing>0</lineSpacing>
      <selectedIndex>-1</selectedIndex>
      <controlPoint>(399,0)</controlPoint>
      <startPoint>(0,0)</startPoint>
      <endPoint>(798,0)</endPoint>
    </control>
  </controls>
  <param>
    <backgroundColor>4294967295</backgroundColor>
    <fontSize>0</fontSize>
    <fontFamily/>
    <guideLines/>
  </param>
</mockup>