﻿<LinkSources version="1.02">
  <page ID="ABEF8320-1352-4079-969A-77E08AF83550">
    <linkSource sourcePageID="0257F86D-2949-4416-9257-8112E2188BED" comID="08D50E8B-1837-4122-A929-C009F85FBCA6" comLinkType="cltPageLink"/>
    <linkSource sourcePageID="8EADE859-184B-4FEE-864A-9BB16A45A2C0" comID="EDAF9CA2-7D98-4B95-8211-FB8166AE91C8" comLinkType="cltPageLink"/>
    <linkSource sourcePageID="DAEDF10D-1996-4028-B4FF-BFF235A56FA6" comID="E81596DB-E457-4D0C-BC4A-B566F626648A" comLinkType="cltPageLink"/>
    <linkSource sourcePageID="0A1D2CF4-9D07-48B6-B73D-6DD1F5601935" comID="E81596DB-E457-4D0C-BC4A-B566F626648A" comLinkType="cltPageLink"/>
  </page>
  <page ID="0257F86D-2949-4416-9257-8112E2188BED">
    <linkSource sourcePageID="ABEF8320-1352-4079-969A-77E08AF83550" comID="82BC8614-F9E3-44C2-A765-59299B06548C" comLinkType="cltPageLink"/>
  </page>
  <page ID="8EADE859-184B-4FEE-864A-9BB16A45A2C0">
    <linkSource sourcePageID="ABEF8320-1352-4079-969A-77E08AF83550" comID="E3B8803D-3132-4C69-9E1D-FE6E020AE826" comLinkType="cltPageLink"/>
  </page>
  <page ID="DAEDF10D-1996-4028-B4FF-BFF235A56FA6">
    <linkSource sourcePageID="0257F86D-2949-4416-9257-8112E2188BED" comID="0046011F-6567-40B8-B8F0-62FD5771F748" comLinkType="cltPageLink"/>
    <linkSource sourcePageID="0257F86D-2949-4416-9257-8112E2188BED" comID="A302AC47-C579-4F8A-A111-A6AECBE06EC8" comLinkType="cltPageLink"/>
    <linkSource sourcePageID="8EADE859-184B-4FEE-864A-9BB16A45A2C0" comID="BB6944E4-E84B-449D-A560-43D97F42F92B" comLinkType="cltPageLink"/>
    <linkSource sourcePageID="8EADE859-184B-4FEE-864A-9BB16A45A2C0" comID="A6C564E4-79F7-4BF4-B194-4482B5C0BCB9" comLinkType="cltPageLink"/>
    <linkSource sourcePageID="DAEDF10D-1996-4028-B4FF-BFF235A56FA6" comID="BFB4768C-5298-4E35-9B7E-40DE95BA8A90" comLinkType="cltPageLink"/>
  </page>
  <page ID="0A1D2CF4-9D07-48B6-B73D-6DD1F5601935">
    <linkSource sourcePageID="0A1D2CF4-9D07-48B6-B73D-6DD1F5601935" comID="BFB4768C-5298-4E35-9B7E-40DE95BA8A90" comLinkType="cltPageLink"/>
    <linkSource sourcePageID="8EADE859-184B-4FEE-864A-9BB16A45A2C0" comID="BB6944E4-E84B-449D-A560-43D97F42F92B" comLinkType="cltPageLink"/>
    <linkSource sourcePageID="0257F86D-2949-4416-9257-8112E2188BED" comID="A302AC47-C579-4F8A-A111-A6AECBE06EC8" comLinkType="cltPageLink"/>
    <linkSource sourcePageID="8EADE859-184B-4FEE-864A-9BB16A45A2C0" comID="A6C564E4-79F7-4BF4-B194-4482B5C0BCB9" comLinkType="cltPageLink"/>
  </page>
</LinkSources>